"Variable / Field Name","Form Name","Section Header","Field Type","Field Label","Choices, Calculations, OR Slider Labels","Field Note","Text Validation Type OR Show Slider Number","Text Validation Min","Text Validation Max",Identifier?,"Branching Logic (Show field only if...)","Required Field?","Custom Alignment","Question Number (surveys only)","Matrix Group Name","Matrix Ranking?","Field Annotation"
form_note_1,ema_survey_schedule,,descriptive,"<span style=""color:red;"">Fields in this form are auto populated by an external module.</span>",,,,,,,,,,,,,
ema_survey_send_date,ema_survey_schedule,,text,Date,,,date_mdy,,,,,,,,,,
ema_time_send_survey_1,ema_survey_schedule,"<span style=""color:blue;size:14;"">First Survey Data</span>",text,"First survey, Time to send",,,time,,,,,,,,,,
ema_send_survey_1,ema_survey_schedule,,truefalse,"Flag, send first survey",,,,,,,,,,,,,
ema_time_expire_survey_1,ema_survey_schedule,,text,"First survey, expiration time",,,time,,,,,,,,,,
ema_expire_survey_1,ema_survey_schedule,,radio,"Flag, expire first survey","2, Survey completed before expiration. | 1, Survey time expired. | 0, False",,,,,,,,,,,,
ema_time_send_survey_2,ema_survey_schedule,"<span style=""color:blue;size:14;"">Second Survey Data</span>",text,"Second survey, Time to send",,,time,,,,,,,,,,
ema_send_survey_2,ema_survey_schedule,,truefalse,"Flag, send second survey",,,,,,,,,,,,,
ema_time_expire_survey_2,ema_survey_schedule,,text,"Second survey, expiration time",,,time,,,,,,,,,,
ema_expire_survey_2,ema_survey_schedule,,radio,"Flag, expire second survey","2, Survey completed before expiration. | 1, Survey time expired. | 0, False",,,,,,,,,,,,
ema_time_send_survey_3,ema_survey_schedule,"<span style=""color:blue;size:14;"">Third Survey Data</span>",text,"Third survey, Time to send",,,time,,,,,,,,,,
ema_send_survey_3,ema_survey_schedule,,truefalse,"Flag, send third survey",,,,,,,,,,,,,
ema_time_expire_survey_3,ema_survey_schedule,,text,"Third survey, expiration time",,,time,,,,,,,,,,
ema_expire_survey_3,ema_survey_schedule,,radio,"Flag, expire third survey","2, Survey completed before expiration. | 1, Survey time expired. | 0, False",,,,,,,,,,,,
