"Variable / Field Name","Form Name","Section Header","Field Type","Field Label","Choices, Calculations, OR Slider Labels","Field Note","Text Validation Type OR Show Slider Number","Text Validation Min","Text Validation Max",Identifier?,"Branching Logic (Show field only if...)","Required Field?","Custom Alignment","Question Number (surveys only)","Matrix Group Name","Matrix Ranking?","Field Annotation"
record_id,ema_survey_setup,,text,"Record ID",,,,,,,,,,,,,
ema_survey_start_date,ema_survey_setup,,text,"Send surveys start date for this participant (enter the first date)
",,,date_mdy,,,,,y,,,,,
ema_survey_num_days,ema_survey_setup,,text,"Number of days to send surveys",,"Maximum number of days is 90",integer,1,90,,,,,,,," @DEFAULT=""90"""
ema_set_start_survey_1,ema_survey_setup,,text,"Set time to start survey.",,,time,,,,,,,,,," @DEFAULT='09:00'"
ema_set_start_survey_2,ema_survey_setup,,text,"Set time to start survey.",,,time,,,,,,,,,," @DEFAULT='13:00'"
ema_set_start_survey_3,ema_survey_setup,,text,"Set time to start survey.",,,time,,,,,,,,,," @DEFAULT='17:00'"
ema_set_expire_survey_1,ema_survey_setup,,text,"Set time to expire survey.",,,time,,,,,,,,,," @DEFAULT='12:59'"
ema_set_expire_survey_2,ema_survey_setup,,text,"Set time to expire survey.",,,time,,,,,,,,,," @DEFAULT='16:59'"
ema_set_expire_survey_3,ema_survey_setup,,text,"Set time to expire survey.",,,time,,,,,,,,,," @DEFAULT='21:59'"
ema_survey_status,ema_survey_setup,,radio,"Survey status","1, Active | 2, Inactive | 3, Withdrawn",,,,,,,y,,,,,
